date,spx,es,vix,sentiment_score,predicted_trend,actual_trend,actual_spx_close,Match/Miss,news
2025-04-16,5275.74,5306.0,32.64,-6,?? Bearish,nan,,,
2025-04-16,5275.74,5308.75,32.64,-6,?? Bearish,nan,,,
2025-04-16,5275.74,5308.25,32.64,-6,?? Bearish,nan,,,
2025-04-17,5275.7,5328.0,31.22,-4,?? Bearish,nan,,,
2025-04-17,5308.63,5311.5,30.9,1,?? Bearish,nan,,,
2025-04-18,5282.7,5312.75,29.65,6,?? Bullish,nan,,,
2025-04-18,5282.7,5312.75,29.65,0,?? Bullish,nan,,,
2025-04-21,5282.7,5241.0,32.56,0,?? Bearish,nan,,,
2025-04-21,5132.42,5156.0,34.77,-3,?? Bearish,nan,,,
2025-04-22,5158.2,5206.25,33.82,-3,?? Bearish,nan,,,
2025-04-22,5158.2,5223.0,32.43,-3,?? Bearish,nan,,,
2025-04-22,5302.23,5325.0,30.42,3,?? Bullish,nan,,,
2025-04-23,5287.76,5435.0,28.27,12,?? Bullish,nan,,,
2025-04-23,5359.71,5407.75,30.19,-6,?? Bearish,nan,,,
2025-04-24,5375.86,,,3,?? Bullish,nan,,,
2025-04-24,5459.26,,27.2,-6,?? Bearish,nan,,,
2025-04-25,5484.77,5503.0,26.9,-3,?? Bullish,nan,,,
2025-04-25,5498.17,5518.75,25.33,-3,?? Bullish,nan,,,
2025-04-28,5525.21,5543.75,,6,?? Bullish,nan,,,
2025-04-28,5480.35,5502.0,26.22,6,?? Bullish,nan,,,
2025-04-29,5528.75,,25.27,-9,?? Bearish,nan,,,
2025-04-29,5545.34,5575.75,24.58,0,?? Bullish,nan,,,
2025-04-30,5560.83,5565.5,24.93,-6,?? Bearish,nan,,,
2025-04-30,5503.38,5534.75,25.62,3,?? Bullish,nan,,,
2025-05-01,5569.06,5652.25,23.93,0,?? Bullish,nan,,,
2025-05-01,5617.12,5644.75,24.69,0,?? Bullish,nan,,,
2025-05-02,5604.14,5642.5,24.06,-3,?? Bullish,nan,,,
2025-05-02,5694.23,5716.0,22.74,6,?? Bullish,nan,,,
2025-05-05,5686.67,,,0,?? Bullish,nan,,,
2025-05-05,5672.3,5691.75,22.95,-6,?? Bullish,nan,,,
2025-05-06,5650.38,5627.5,24.75,-6,?? Bearish,nan,,,
2025-05-06,5627.69,5645.25,24.3,0,?? Bullish,nan,,,
2025-05-07,5606.91,5659.0,24.66,3,?? Bullish,nan,,,
2025-05-07,5610.63,5636.75,24.51,-3,?? Bullish,nan,,,
2025-05-08,5631.28,5701.0,22.63,-3,?? Bullish,nan,,,
2025-05-08,5708.16,5730.25,22.24,3,?? Bullish,nan,,,
2025-05-09,5663.94,5697.0,22.27,3,?? Bullish,nan,,,
2025-05-09,5659.61,5682.5,22.31,0,?? Bullish,nan,,,
2025-05-12,5659.91,5848.75,20.01,6,?? Bullish,nan,,,
2025-05-12,5810.36,5825.0,18.97,12,?? Bullish,nan,,,
2025-05-13,5844.19,5855.5,,0,?? Bullish,nan,,,
2025-05-13,5887.82,5906.75,18.04,-3,?? Bullish,nan,,,
2025-05-14,5886.55,5915.25,,-3,?? Bullish,nan,,,
2025-05-14,5893.89,5915.25,18.34,0,?? Bullish,nan,,,
2025-05-15,5892.58,5883.75,18.93,-3,?? Bearish,nan,,,
2025-05-15,5906.75,5931.0,18.5,-3,?? Bullish,nan,,,
2025-05-16,5916.93,5952.75,17.37,-6,?? Bullish,nan,,,
2025-05-16,5934.16,5947.75,17.37,9,?? Bullish,nan,,,
2025-05-19,5958.38,5918.0,19.41,0,?? Bearish,nan,,,
2025-05-19,5948.56,5963.5,18.28,3,?? Bullish,nan,,,
2025-05-19,5953.76,5964.75,18.19,6,?? Bullish,nan,,,
2025-05-19,,,18.21,-3,?? Bearish,nan,,,
2025-05-19,5962.01,,18.07,3,?? Bullish,nan,,,
2025-05-19,5963.45,5984.25,,-3,?? Bullish,nan,,,
2025-05-19,5966.27,5983.75,,3,?? Bullish,nan,,,
2025-05-20,5963.6,5969.25,18.15,3,?? Bullish,nan,,,
2025-05-20,5939.99,5956.25,18.03,3,?? Bullish,nan,,,
2025-05-21,5940.46,5928.75,18.78,-3,?? Bearish,nan,,,
2025-05-21,5927.86,5950.0,18.2,6,?? Bullish,nan,,,
2025-05-22,5844.61,5842.75,21.46,3,?? Bullish,nan,,,
2025-05-22,5859.97,5877.75,20.15,0,?? Bullish,nan,,,
2025-05-23,5842.01,5768.5,23.47,6,?? Bullish,nan,,,
2025-05-23,5798.22,5803.5,22.28,-6,?? Bearish,nan,,,
2025-06-04,5970.81,5976.0,17.61,-9,?? Bearish,nan,,,
2025-06-05,5970.81,5996.0,17.54,3,?? Bullish,nan,,,
2025-06-05,5980.32,5994.75,17.28,3,?? Bullish,nan,,,
2025-06-06,5939.3,5994.25,17.14,0,?? Bullish,nan,,,
2025-06-06,5994.06,6005.75,16.88,-3,?? Bullish,nan,,,
2025-06-09,6000.36,6015.5,17.41,-3,?? Bullish,nan,,,
2025-06-09,6011.29,6014.25,17.03,6,?? Bullish,nan,,,
2025-06-10,,6018.25,17.21,0,?? Bullish,nan,,,
2025-06-10,,6033.75,16.88,0,?? Bullish,nan,,,
2025-06-11,6038.81,,16.39,3,?? Bullish,nan,,,
2025-06-11,6037.69,6040.5,16.55,3,?? Bullish,nan,,,
2025-06-12,6022.24,6014.5,18.12,-18,?? Bearish,nan,,,
2025-06-12,6041.22,6037.5,17.96,6,?? Bullish,nan,,,
2025-06-13,6045.26,5990.0,,6,?? Bullish,nan,,,
2025-06-13,6014.67,6022.25,19.27,-3,?? Bearish,nan,,,
2025-06-13,5976.97,5981.5,20.84,-3,?? Bearish,nan,,,
2025-06-16,5976.97,,19.73,0,ðŸ“ˆ Bullish,bullish,6037.11,1.0,"ðŸ”¹ U.S. Treasury yields nudge higher as Israel-Iran conflict continues - https://www.cnbc.com/2025/06/16/us-treasury-yields-middle-east-conflict.html | ðŸ”¹ Fog of trade war hangs over economy, but the Fed still has to make a forecast. Hereâ€™s what itâ€™s facing. - https://www.marketwatch.com/story/fog-of-trade-war-hangs-over-economy-but-the-fed-still-has-to-make-a-forecast-heres-what-its-facing-6556f8b6 | ðŸ”¹ Aggressive Stock Buying On Oil Drop And Israel Gaining Control Of Tehran Skies - https://www.benzinga.com/markets/equities/25/06/45956228/aggressive-stock-buying-on-oil-drop-and-israel-gaining-control-of-tehran-skies | ðŸ”¹ Is US Dollar Losing Its Edge? De-Dollarization And Fading Exceptionalism Raise Alarms - Invesco QQQ Trust, Series 1 (NASDAQ:QQQ), SPDR S&P 500 (ARCA:SPY) - https://www.benzinga.com/markets/forex/25/06/45943600/is-us-dollar-losing-its-edge-de-dollarization-and-fading-exceptionalism-raise-alarms"
2025-06-16,6036.35,6094.25,19.16,6,ðŸ“ˆ Bullish,bullish,6033.11,1.0,"ðŸ“ˆ U.S. Treasury yields nudge higher as Israel-Iran conflict continues - https://www.cnbc.com/2025/06/16/us-treasury-yields-middle-east-conflict.html | ðŸ”¹ Fog of trade war hangs over economy, but the Fed still has to make a forecast. Hereâ€™s what itâ€™s facing. - https://www.marketwatch.com/story/fog-of-trade-war-hangs-over-economy-but-the-fed-still-has-to-make-a-forecast-heres-what-its-facing-6556f8b6 | ðŸ“ˆ Aggressive Stock Buying On Oil Drop And Israel Gaining Control Of Tehran Skies - https://www.benzinga.com/markets/equities/25/06/45956228/aggressive-stock-buying-on-oil-drop-and-israel-gaining-control-of-tehran-skies | ðŸ“‰ Is US Dollar Losing Its Edge? De-Dollarization And Fading Exceptionalism Raise Alarms - Invesco QQQ Trust, Series 1 (NASDAQ:QQQ), SPDR S&P 500 (ARCA:SPY) - https://www.benzinga.com/markets/forex/25/06/45943600/is-us-dollar-losing-its-edge-de-dollarization-and-fading-exceptionalism-raise-alarms"
2025-06-17,6033.11,6058.75,20.27,3,ðŸ“ˆ Bullish,bearish,5981.67,0.0,"ðŸ“‰ Stocks making the biggest moves premarket: Sunrun, Verve Therapeutics, T-Mobile and more - https://www.cnbc.com/2025/06/17/stocks-making-the-biggest-moves-premarket-run-verv-tmus.html | ðŸ“ˆ U.S. Treasury yields slide after retail sales tumbled in May, raising recession fear - https://www.cnbc.com/2025/06/17/us-treasury-yields-trump-hints-israel-iran-conflict-escalation.html | ðŸ”¹ U.S. Treasurys may be losing their safe-haven status â€” and these bonds could take their place - https://www.marketwatch.com/story/u-s-treasurys-may-be-losing-their-safe-haven-status-and-these-bonds-could-take-their-place-a0321100 | ðŸ“ˆ Trumpâ€™s next Fed picks will be a dramatic showdown â€” with your mortgage payment and retirement savings on the line - https://www.marketwatch.com/story/trumps-next-fed-picks-will-be-a-dramatic-showdown-with-your-mortgage-payment-and-retirement-savings-on-the-line-214d615a | ðŸ“‰ Solar stocks plummet as Senate version of Trump's tax bill cuts renewable energy incentives - https://www.cnbc.com/2025/06/17/solar-stocks-plummet-as-senate-version-of-trumps-tax-bill-cuts-renewable-energy-incentives.html | ðŸ“ˆ Aggressive Stock Buying On Oil Drop And Israel Gaining Control Of Tehran Skies - https://www.benzinga.com/markets/equities/25/06/45956228/aggressive-stock-buying-on-oil-drop-and-israel-gaining-control-of-tehran-skies"
2025-06-17,6019.6,6077.0,19.91,3,ðŸ“ˆ Bullish,bearish,5981.67,0.0,"ðŸ“ˆ History of 'near' bear markets bodes well for this current stock comeback - https://www.cnbc.com/2025/06/17/history-of-near-bear-markets-bodes-well-for-this-current-stock-comeback.html | ðŸ“ˆ International stocks are the best trade for the next five years, according to Bank of America... - https://www.cnbc.com/2025/06/17/international-stocks-are-best-trade-for-next-five-years-bofa-survey-says.html | ðŸ”¹ Markets are relatively quiet at this stage: TotalEnergies CEO - https://www.cnbc.com/video/2025/06/17/markets-are-relatively-quiet-at-this-stage-totalenergies-ceo.html | ðŸ“‰ Solar stocks plunge on Senate billâ€™s tax-credit phase-out, but analysts say investors should be happy - https://www.marketwatch.com/story/solar-stocks-plunge-on-senate-bills-tax-credit-phase-out-but-analysts-say-investors-should-be-happy-95ea6373 | ðŸ“ˆ Aggressive Stock Buying On Oil Drop And Israel Gaining Control Of Tehran Skies - https://www.benzinga.com/markets/equities/25/06/45956228/aggressive-stock-buying-on-oil-drop-and-israel-gaining-control-of-tehran-skies | ðŸ“‰ Is US Dollar Losing Its Edge? De-Dollarization And Fading Exceptionalism Raise Alarms - Invesco QQQ Trust, Series 1 (NASDAQ:QQQ), SPDR S&P 500 (ARCA:SPY) - https://www.benzinga.com/markets/forex/25/06/45943600/is-us-dollar-losing-its-edge-de-dollarization-and-fading-exceptionalism-raise-alarms"
2025-06-18,5982.72,6044.25,21.22,0,ðŸ“ˆ Bullish,bullish,6002.93,1.0,"ðŸ“‰ Stocks making the biggest moves premarket: Sunrun, Korn Ferry, Oracle, Circle and more - https://www.cnbc.com/2025/06/18/stocks-making-the-biggest-moves-premarket-run-kfy-orcl-crcl-and-more.html | ðŸ”¹ Stock futures tick higher ahead of the Federal Reserveâ€™s rate decision: Live updates - https://www.cnbc.com/2025/06/17/stock-market-today-live-updates.html | ðŸ”¹ Treasury yields are little changed as investors anticipate Fed's rate decision - https://www.cnbc.com/2025/06/18/us-treasury-yields-investors-anticipate-feds-rate-decision-.html | ðŸ”¹ Markets are relatively quiet at this stage: TotalEnergies CEO - https://www.cnbc.com/video/2025/06/17/markets-are-relatively-quiet-at-this-stage-totalenergies-ceo.html | ðŸ“ˆ Jobless claims move lower, easing some concerns about labor market health - https://www.marketwatch.com/story/jobless-claims-move-lower-easing-some-concerns-about-labor-market-health-d4ea9227 | ðŸ”¹ Mayâ€™s missing inflation is a mystery â€” and a sign that the Fed will hold off on rate cuts - https://www.marketwatch.com/story/mays-missing-inflation-is-a-mystery-and-a-sign-that-the-fed-will-hold-off-on-rate-cuts-a011a69c"
2025-06-18,6002.62,6058.0,20.3,15,ðŸ“ˆ Bullish,bullish,6002.93,1.0,"ðŸ“ˆ Ownership of stocks by households is near a record. Why that could be a bad thing - https://www.cnbc.com/2025/06/18/ownership-of-stocks-by-households-is-near-a-record-why-that-could-be-a-bad-thing.html | ðŸ“ˆ Stocks making the biggest moves midday: Nucor, Sunrun, Affirm, Zoetis, Circle and more - https://www.cnbc.com/2025/06/18/stocks-making-the-biggest-moves-midday-nue-run-afrm-zts-crcl.html | ðŸ“ˆ Stocks rise as traders await Fed decision, new developments in the Middle East: Live updates - https://www.cnbc.com/2025/06/17/stock-market-today-live-updates.html | ðŸ“‰ Markets are relatively quiet at this stage: TotalEnergies CEO - https://www.cnbc.com/video/2025/06/17/markets-are-relatively-quiet-at-this-stage-totalenergies-ceo.html | ðŸ“ˆ â€˜Iâ€™d do a much better jobâ€™: Trump blasts Powell as Fed expected to hold rates steady - https://www.marketwatch.com/story/id-do-a-much-better-job-trump-blasts-powell-as-fed-expected-to-hold-rates-steady-94114a48 | ðŸ“ˆ Circle Internetâ€™s stock-market surge continues as Senate billâ€™s passage indicates the federal government is taking stablecoins seriously - https://www.marketwatch.com/story/circle-internets-stock-market-surge-continues-as-senate-bills-passage-indicates-the-federal-government-is-taking-stablecoins-seriously-5acbdb21 | ðŸ“ˆ This steelmaker gives a bullish outlook two weeks after higher tariffs took effect - https://www.marketwatch.com/story/this-steelmaker-gives-a-bullish-outlook-two-weeks-after-higher-tariffs-took-effect-398886aa | ðŸ”¹ Momo Buys On Fed Hopium But Prudent Investors Wait For Dot Plot, Trump Gambit Increases Risk - SPDR S&P 500 (ARCA:SPY) - https://www.benzinga.com/markets/equities/25/06/45999285/momo-buys-on-fed-hopium-but-prudent-investors-wait-for-dot-plot-trump-gambit-increases-risk"
2025-06-19,5980.87,5994.0,21.91,-12,ðŸ“ˆ Bullish,bearish,5980.87,0.0,"ðŸ“‰ Here's how Wall Street is reacting to the Fed's updated rate cut outlook - https://www.cnbc.com/2025/06/18/heres-how-wall-street-is-reacting-to-the-feds-updated-rate-cut-outlook.html | ðŸ”¹ Fed decision recap: Central bank signals stagflation fears, Powell says Fed â€˜well positioned to... - https://www.cnbc.com/2025/06/18/fed-meeting-live-updates-feds-interest-rate-projections-loom.html | ðŸ“‰ Dow posts narrow loss after Fed signals itâ€™s in no hurry to cut rates: Live updates - https://www.cnbc.com/2025/06/17/stock-market-today-live-updates.html | ðŸ”¹ Markets are relatively quiet at this stage: TotalEnergies CEO - https://www.cnbc.com/video/2025/06/17/markets-are-relatively-quiet-at-this-stage-totalenergies-ceo.html | ðŸ“ˆ Zero interest-rate policy is back as Switzerland cuts rates by a quarter-point down to nothing - https://www.marketwatch.com/story/zero-interest-rate-policy-is-back-as-switzerland-cuts-rates-by-a-quarter-point-down-to-nothing-c05c26a8 | ðŸ“‰ Global stocks fall, oil futures rise, on a report U.S. may soon strike Iran - https://www.marketwatch.com/story/global-stocks-fall-oil-futures-rise-on-a-report-u-s-may-soon-strike-iran-234f474e | ðŸ“‰ Powell sticks it to Trump on interest rates â€” and beyond - https://www.marketwatch.com/story/powell-sticks-it-to-trump-on-interest-rates-and-beyond-4f1ca934 | ðŸ“‰ Inflation, tariffs put the brakes on this gun makerâ€™s sales - https://www.marketwatch.com/story/inflation-tariffs-put-the-brakes-on-this-gun-makers-sales-23c5c252"
2025-06-19,5980.87,5985.75,22.17,-3,ðŸ“‰ Bearish,bearish,5980.87,1.0,"ðŸ”¹ Here's how Wall Street is reacting to the Fed's updated rate cut outlook - https://www.cnbc.com/2025/06/18/heres-how-wall-street-is-reacting-to-the-feds-updated-rate-cut-outlook.html | ðŸ”¹ Fed decision recap: Central bank signals stagflation fears, Powell says Fed â€˜well positioned to... - https://www.cnbc.com/2025/06/18/fed-meeting-live-updates-feds-interest-rate-projections-loom.html | ðŸ“‰ Dow posts narrow loss after Fed signals itâ€™s in no hurry to cut rates: Live updates - https://www.cnbc.com/2025/06/17/stock-market-today-live-updates.html | ðŸ”¹ Markets are relatively quiet at this stage: TotalEnergies CEO - https://www.cnbc.com/video/2025/06/17/markets-are-relatively-quiet-at-this-stage-totalenergies-ceo.html"
2025-06-20,5980.87,6049.75,19.31,-6,ðŸ“ˆ Bullish,bearish,5974.0,0.0,"ðŸ“‰ Stocks making the biggest moves premarket: CarMax, Darden Restaurants, Accenture, GMS - https://www.cnbc.com/2025/06/20/stocks-making-the-biggest-moves-premarket-kmx-gms-dri-acn-gms.html | ðŸ“ˆ Stock futures gain as Fed's Waller sees rate cut ahead, Trump delays Iran strike decision: Live... - https://www.cnbc.com/2025/06/19/stock-market-today-live-updates.html | ðŸ”¹ Markets are relatively quiet at this stage: TotalEnergies CEO - https://www.cnbc.com/video/2025/06/17/markets-are-relatively-quiet-at-this-stage-totalenergies-ceo.html | ðŸ”¹ Meme stocks and Robinhood users show why long-term investing is your best bet - https://www.marketwatch.com/story/meme-stocks-and-robinhood-users-show-why-long-term-investing-is-your-best-bet-6113d143 | ðŸ”¹ In race to attract data centers, states forfeit hundreds of millions of dollars in tax revenue to tech companies - https://www.cnbc.com/2025/06/20/tax-breaks-for-tech-giants-data-centers-mean-less-income-for-states.html | ðŸ“‰ Sabrina Carpenter is topping charts, and has a real estate portfolio to prove it - https://www.marketwatch.com/story/sabrina-carpenter-is-topping-charts-and-has-a-real-estate-portfolio-to-prove-it-cf79006e | ðŸ“‰ Momo Buys On Fed Hopium But Prudent Investors Wait For Dot Plot, Trump Gambit Increases Risk - SPDR S&P 500 (ARCA:SPY) - https://www.benzinga.com/markets/equities/25/06/45999285/momo-buys-on-fed-hopium-but-prudent-investors-wait-for-dot-plot-trump-gambit-increases-risk"
2025-06-20,5977.86,6026.25,20.13,0,ðŸ“ˆ Bullish,bearish,5974.0,0.0,"ðŸ“ˆ Stocks making the biggest moves midday: GXO Logistics, CarMax, Nvidia, Circle and more - https://www.cnbc.com/2025/06/20/stocks-making-the-biggest-moves-midday-gxo-kmx-nvda-crcl.html | ðŸ“‰ S&P 500 is little changed a day after holiday as traders weigh next moves by the Fed and Trump: Live... - https://www.cnbc.com/2025/06/19/stock-market-today-live-updates.html | ðŸ“ˆ Stocks making the biggest moves premarket: CarMax, Darden Restaurants, Accenture, GMS - https://www.cnbc.com/2025/06/20/stocks-making-the-biggest-moves-premarket-kmx-gms-dri-acn-gms.html | ðŸ”¹ 10-year Treasury yield is flat. Fed's Waller advocates for July cut - https://www.cnbc.com/2025/06/20/us-treasury-yields-little-changed-as-trump-considers-strike-on-iran.html | ðŸ“‰ Commerce Sec. Howard Lutnick: China tariff levels are set and won't change from here - https://www.cnbc.com/video/2025/06/11/commerce-sec-howard-lutnick-china-tariff-levels-are-set-and-wont-change-from-here.html"
2025-06-23,5967.84,6023.75,20.77,3,ðŸ“ˆ Bullish,bullish,6023.73,1.0,"ðŸ“ˆ Stocks making the biggest moves premarket: Tesla, Northern Trust, DoorDash, Northrop Grumman, Exxon... - https://www.cnbc.com/2025/06/23/stocks-making-the-biggest-moves-premarket-tsla-ntrs-dash-xom-and-more.html | ðŸ”¹ Commerce Sec. Howard Lutnick: China tariff levels are set and won't change from here - https://www.cnbc.com/video/2025/06/11/commerce-sec-howard-lutnick-china-tariff-levels-are-set-and-wont-change-from-here.html | ðŸ“ˆ The U.S. bull market is intact â€” and a key signal is coming from Tel Aviv, says this strategist - https://www.marketwatch.com/story/the-u-s-bull-market-is-intact-and-a-key-signal-is-coming-from-tel-aviv-says-this-strategist-c085b605 | ðŸ“‰ Stocks May Not Need A Fed Rate Cutâ€”But Bonds Could Be In Trouble, Says Sage Advisory - Invesco QQQ Trust, Series 1 (NASDAQ:QQQ), SPDR S&P 500 (ARCA:SPY) - https://www.benzinga.com/markets/equities/25/06/46047373/stocks-may-not-need-a-fed-rate-cut-but-bonds-could-be-in-trouble-says-sage-advisory | ðŸ”¹ Stocks Playbook for Geopolitical Tensions (Overreacting is Costly) - https://finance.yahoo.com/news/stocks-playbook-geopolitical-tensions-overreacting-173006606.html"
2025-06-23,5964.77,6013.75,21.48,3,ðŸ“ˆ Bullish,bullish,6023.73,1.0,"ðŸ“ˆ Stocks making the biggest moves midday: Tesla, Novo Nordisk, Hims & Hers, Northern Trust, Fiserv and... - https://www.cnbc.com/2025/06/23/stocks-making-the-biggest-moves-midday-tsl-nvo-hims-ntrs.html | ðŸ“‰ Fed Governor Bowman favors July interest rate cut if inflation stays low - https://www.cnbc.com/2025/06/23/fed-governor-bowman-favors-july-interest-rate-cut-if-inflation-stays-low.html | ðŸ“ˆ Why markets aren't selling off, even after U.S. attack on Iran - https://www.cnbc.com/2025/06/23/why-markets-arent-selling-off-even-after-us-attack-on-iran.html | ðŸ”¹ Commerce Sec. Howard Lutnick: China tariff levels are set and won't change from here - https://www.cnbc.com/video/2025/06/11/commerce-sec-howard-lutnick-china-tariff-levels-are-set-and-wont-change-from-here.html | ðŸ”¹ Jim Cramer says Apple needs to change course â€” plus, he highlights 2 stocks to buy now - https://www.cnbc.com/2025/06/23/jim-cramer-says-apple-needs-to-change-course-plus-he-highlights-2-stocks-to-buy-now.html | ðŸ“ˆ 20 oil stocks passing a quality screen as investors wonder what Iran will do next - https://www.marketwatch.com/story/20-oil-stocks-passing-a-quality-screen-as-investors-wonder-what-iran-will-do-next-71bf037e | ðŸ“‰ Businesses face rising inflation due to tariffs. Will consumers get hit next? - https://www.marketwatch.com/story/businesses-face-rising-inflation-due-to-tariffs-will-consumers-get-hit-next-74f015fb | ðŸ“‰ Momo Crowd Buys Stocks Believing Iran Is A Paper Tiger, Russia Talks Nuclear Warheads For Iran - SPDR S&P 500 (ARCA:SPY) - https://www.benzinga.com/markets/equities/25/06/46053548/momo-crowd-buys-stocks-believing-iran-is-a-paper-tiger-russia-talks-nuclear-warheads-for-iran | ðŸ”¹ How To Trade SPY, Top Tech Stocks Using Technical Analysis - NVIDIA (NASDAQ:NVDA) - https://www.benzinga.com/markets/equities/25/06/46050714/how-to-trade-spy-top-tech-stocks-using-technical-analysis | ðŸ“ˆ Stocks May Not Need A Fed Rate Cutâ€”But Bonds Could Be In Trouble, Says Sage Advisory - Invesco QQQ Trust, Series 1 (NASDAQ:QQQ), SPDR S&P 500 (ARCA:SPY) - https://www.benzinga.com/markets/equities/25/06/46047373/stocks-may-not-need-a-fed-rate-cut-but-bonds-could-be-in-trouble-says-sage-advisory"
2025-06-24,6025.17,6118.0,18.09,0,ðŸ“ˆ Bullish,bullish,6091.16,1.0,"ðŸ”¹ Stocks making the biggest moves premarket: Carnival, Chewy, KB Home, Lockheed Martin and more - https://www.cnbc.com/2025/06/24/stocks-making-the-biggest-moves-premarket-ccl-chwy-kbh-lmt.html | ðŸ“‰ Powell emphasizes Fed's obligation to prevent 'ongoing inflation problem' despite Trump criticism - https://www.cnbc.com/2025/06/24/powell-emphasizes-feds-obligation-to-prevent-ongoing-inflation-problem-despite-trump-criticism.html | ðŸ”¹ U.S. Treasury yields add to gains after Powell says the Fed can wait to cut rates - https://www.cnbc.com/2025/06/24/us-treasury-yields-donald-trump-israel-iran-ceasefire.html | ðŸ”¹ The future of exchanges: Global capital flows in the age of Trump, tariffs and trade wars - https://www.cnbc.com/video/2025/06/23/global-capital-flows-in-the-age-of-trump-tariffs-and-trade-wars.html | ðŸ“ˆ Commerce Sec. Howard Lutnick: China tariff levels are set and won't change from here - https://www.cnbc.com/video/2025/06/11/commerce-sec-howard-lutnick-china-tariff-levels-are-set-and-wont-change-from-here.html | ðŸ“ˆ Powell says tariffs likely to boost inflation, mum on future rate cuts - https://www.marketwatch.com/story/powell-says-tariffs-likely-to-boost-inflation-mum-on-future-rate-cuts-de495874 | ðŸ”¹ Forget the â€˜Magnificent Sevenâ€™ â€” these 7 cheap tech and AI stocks are better buys right now - https://www.marketwatch.com/story/forget-the-magnificent-seven-these-7-cheap-tech-and-ai-stocks-are-better-buys-right-now-5ed65ad2 | ðŸ”¹ Want in on Trumpâ€™s newest deregulation play? These energy stocks and ETFs could deliver big gains from uraniumâ€™s surge. - https://www.marketwatch.com/story/want-in-on-trumps-newest-deregulation-play-these-energy-stocks-and-etfs-could-deliver-big-gains-from-uraniums-surge-32949c64 | ðŸ“‰ Why falling oil prices could actually push stocks down the well - https://www.marketwatch.com/story/why-falling-oil-prices-could-actually-push-stocks-down-the-well-baaf186c | ðŸ”¹ Too complacent? This bank argues markets arenâ€™t bullish enough - https://www.marketwatch.com/story/too-complacent-this-bank-argues-markets-arent-bullish-enough-eac942b7 | ðŸ”¹ Momo Crowd Buys Stocks Believing Iran Is A Paper Tiger, Russia Talks Nuclear Warheads For Iran - SPDR S&P 500 (ARCA:SPY) - https://www.benzinga.com/markets/equities/25/06/46053548/momo-crowd-buys-stocks-believing-iran-is-a-paper-tiger-russia-talks-nuclear-warheads-for-iran"
2025-06-24,6092.3,6143.0,17.63,-9,ðŸ“ˆ Bullish,bearish,6091.16,0.0,"ðŸ“‰ Watch Fed Chair Powell testify live on interest rate policy before House committee - https://www.cnbc.com/2025/06/24/watch-fed-chair-powell-testify-live-on-interest-rate-policy-before-house-committee.html | ðŸ“‰ Powell emphasizes Fed's obligation to prevent 'ongoing inflation problem' despite Trump criticism - https://www.cnbc.com/2025/06/24/powell-emphasizes-feds-obligation-to-prevent-ongoing-inflation-problem-despite-trump-criticism.html | ðŸ”¹ The future of exchanges: Global capital flows in the age of Trump, tariffs and trade wars - https://www.cnbc.com/video/2025/06/23/global-capital-flows-in-the-age-of-trump-tariffs-and-trade-wars.html | ðŸ“ˆ Commerce Sec. Howard Lutnick: China tariff levels are set and won't change from here - https://www.cnbc.com/video/2025/06/11/commerce-sec-howard-lutnick-china-tariff-levels-are-set-and-wont-change-from-here.html | ðŸ“‰ We're trimming two stocks to lock in big gains â€” and would like to sell a third - https://www.cnbc.com/2025/06/24/were-trimming-two-stocks-to-lock-in-gains-and-want-to-sell-a-third-.html | ðŸ“ˆ Carnivalâ€™s stock jumps as strong last-minute bookings fuel another earnings beat - https://www.marketwatch.com/story/carnival-stock-rises-on-better-than-expected-q2-results-and-raised-outlook-6f7d1f66 | ðŸ“‰ Momo Crowd Buys Stocks Believing Iran Is A Paper Tiger, Russia Talks Nuclear Warheads For Iran - SPDR S&P 500 (ARCA:SPY) - https://www.benzinga.com/markets/equities/25/06/46053548/momo-crowd-buys-stocks-believing-iran-is-a-paper-tiger-russia-talks-nuclear-warheads-for-iran | ðŸ“‰ How To Trade SPY, Top Tech Stocks Using Technical Analysis - NVIDIA (NASDAQ:NVDA) - https://www.benzinga.com/markets/equities/25/06/46050714/how-to-trade-spy-top-tech-stocks-using-technical-analysis"
2025-06-25,6092.18,6157.25,17.07,3,ðŸ“ˆ Bullish,bearish,6087.35,0.0,"ðŸ”¹ Stocks making the biggest moves premarket: FedEx, Coinbase, Bumble and more - https://www.cnbc.com/2025/06/25/stocks-making-big-moves-premarket-fedex-coinbase-yum-brands-and-more.html | ðŸ“ˆ Treasury yields hold steady as investors monitor Israel-Iran ceasefire - https://www.cnbc.com/2025/06/25/us-treasury-yields-investors-monitor-israel-iran-ceasefire-.html | ðŸ”¹ Global capital flows in the age of Trump, tariffs and trade wars - https://www.cnbc.com/video/2025/06/23/global-capital-flows-in-the-age-of-trump-tariffs-and-trade-wars.html | ðŸ”¹ Commerce Sec. Howard Lutnick: China tariff levels are set and won't change from here - https://www.cnbc.com/video/2025/06/11/commerce-sec-howard-lutnick-china-tariff-levels-are-set-and-wont-change-from-here.html | ðŸ”¹ Why more big companies like Sherwin-Williams are talking about immigration on their earnings calls - https://www.marketwatch.com/story/why-more-big-companies-like-sherwin-williams-are-talking-about-immigration-on-their-earnings-calls-e71c9bf7 | ðŸ”¹ The next great WFH trend will be â€˜War from Home,â€™ says this strategist - https://www.marketwatch.com/story/the-next-great-wfh-trend-will-be-war-from-home-says-this-strategist-18897c02 | ðŸ“ˆ ETF Flows Hit $500B in 2025: Retail Investors Buy the Dip Amid Volatility - https://www.wealthmanagement.com/etfs/retail-investors-power-u-s-etf-flows-past-500b-in-2025-despite-macro-risks | ðŸ“‰ Momo Crowd Buys Stocks Believing Iran Is A Paper Tiger, Russia Talks Nuclear Warheads For Iran - SPDR S&P 500 (ARCA:SPY) - https://www.benzinga.com/markets/equities/25/06/46053548/momo-crowd-buys-stocks-believing-iran-is-a-paper-tiger-russia-talks-nuclear-warheads-for-iran"
2025-06-25,6093.24,6145.75,17.27,3,ðŸ“ˆ Bullish,bearish,6087.35,0.0,"ðŸ“‰ Global capital flows in the age of Trump, tariffs and trade wars - https://www.cnbc.com/video/2025/06/23/global-capital-flows-in-the-age-of-trump-tariffs-and-trade-wars.html | ðŸ“ˆ Commerce Sec. Howard Lutnick: China tariff levels are set and won't change from here - https://www.cnbc.com/video/2025/06/11/commerce-sec-howard-lutnick-china-tariff-levels-are-set-and-wont-change-from-here.html | ðŸ“ˆ Our top 3 gainers and laggards over the past month amid tariff and Mideast uncertainty - https://www.cnbc.com/2025/06/25/gainers-laggards-over-the-past-month-amid-tariff-mideast-uncertainty.html | ðŸ”¹ Mamdaniâ€™s victory could be a loss for investors in these New York City real-estate stocks - https://www.marketwatch.com/story/mamdanis-victory-could-be-a-loss-for-investors-in-these-new-york-city-real-estate-stocks-c21ed182"
2025-06-26,,6162.5,16.68,-6,ðŸ“‰ Bearish,bearish,6133.93,1.0,"ðŸ“‰ Treasury yields fall as concerns grow over Trump's criticism of Powell - https://www.cnbc.com/2025/06/26/us-treasury-yields-concerns-grow-over-trumps-powell-criticism-.html | ðŸ“‰ Stocks making the biggest moves after hours: Micron, H.B. Fuller, Kratos Defense & Security... - https://www.cnbc.com/2025/06/25/stocks-making-the-biggest-moves-after-hours-mu-ful-ktos.html | ðŸ“‰ Global capital flows in the age of Trump, tariffs and trade wars - https://www.cnbc.com/video/2025/06/23/global-capital-flows-in-the-age-of-trump-tariffs-and-trade-wars.html | ðŸ”¹ Commerce Sec. Howard Lutnick: China tariff levels are set and won't change from here - https://www.cnbc.com/video/2025/06/11/commerce-sec-howard-lutnick-china-tariff-levels-are-set-and-wont-change-from-here.html | ðŸ“‰ Jobless claims fall to 6-week low â€” no sign of surging layoffs - https://www.marketwatch.com/story/jobless-claims-fall-to-6-week-low-no-sign-of-surging-layoffs-6c801de6 | ðŸ“ˆ Corporate America confident Trump's 'One Big Beautiful Bill' will be passed: CFO survey - https://www.cnbc.com/2025/06/26/corporate-america-confident-trump-tax-cuts-bill-will-pass-cfo-survey.html | ðŸ“ˆ ETF Flows Hit $500B in 2025: Retail Investors Buy the Dip Amid Volatility - https://www.wealthmanagement.com/etfs/retail-investors-power-u-s-etf-flows-past-500b-in-2025-despite-macro-risks"
2025-06-26,6132.43,6186.5,16.39,3,ðŸ“ˆ Bullish,bullish,6133.93,1.0,"ðŸ“ˆ Stocks rise, lifting S&P 500 to within inches from new record: Live updates - https://www.cnbc.com/2025/06/25/stock-market-today-live-updates.html | ðŸ”¹ Global capital flows in the age of Trump, tariffs and trade wars - https://www.cnbc.com/video/2025/06/23/global-capital-flows-in-the-age-of-trump-tariffs-and-trade-wars.html | ðŸ”¹ Commerce Sec. Howard Lutnick: China tariff levels are set and won't change from here - https://www.cnbc.com/video/2025/06/11/commerce-sec-howard-lutnick-china-tariff-levels-are-set-and-wont-change-from-here.html | ðŸ”‰ Mortgage rates drop to a 7-week low, with investors optimistic about a Fed rate cut in July - https://www.marketwatch.com/story/mortgage-rates-drop-to-a-7-week-low-with-investors-optimistic-about-a-fed-rate-cut-in-july-30e55b49 | ðŸ“‰ Whatâ€™s the downside of an assumable mortgage with a 2.5% interest rate? The house only costs $350,000. - https://www.marketwatch.com/story/whats-the-downside-of-an-assumable-mortgage-with-a-2-5-interest-rate-the-house-only-costs-350-000-e8276139 | ðŸ“ˆ ETF Flows Hit $500B in 2025: Retail Investors Buy the Dip Amid Volatility - https://www.wealthmanagement.com/etfs/retail-investors-power-u-s-etf-flows-past-500b-in-2025-despite-macro-risks"
2025-06-27,6141.02,6209.25,16.25,-9,ðŸ“ˆ Bullish,bullish,6181.25,1.0,"ðŸ“ˆ Stocks making the biggest moves premarket: Nike, Core Scientific, Pony.ai and more - https://www.cnbc.com/2025/06/27/stocks-making-the-biggest-moves-premarket-nke-corz-pony.html | ðŸ”¹ 10-year Treasury yield is steady as Fed's favorite inflation measure comes in a bit hot - https://www.cnbc.com/2025/06/27/us-treasury-yields-investors-await-feds-preferred-inflation-gauge.html | ðŸ“‰ Stocks making the biggest moves after hours: Nike, Core Scientific and more - https://www.cnbc.com/2025/06/26/stocks-making-the-biggest-moves-after-hours-nke-corz-more.html | ðŸ”¹ Global capital flows in the age of Trump, tariffs and trade wars - https://www.cnbc.com/video/2025/06/23/global-capital-flows-in-the-age-of-trump-tariffs-and-trade-wars.html | ðŸ“‰ Commerce Sec. Howard Lutnick: China tariff levels are set and won't change from here - https://www.cnbc.com/video/2025/06/11/commerce-sec-howard-lutnick-china-tariff-levels-are-set-and-wont-change-from-here.html | ðŸ“‰ UK auto production for May slumps to lowest level since 1949 as Trump tariffs hit hard - https://www.cnbc.com/2025/06/27/trump-tariffs-uk-car-and-vehicle-output-falls-to-76-year-low-in-may.html | ðŸ”¹ Consumers cut spending on cars and other goods when tariffs kicked in. What will they do next? - https://www.marketwatch.com/story/consumers-cut-spending-on-cars-and-other-goods-when-tariffs-kicked-in-what-will-they-do-next-a11e7fc8 | ðŸ“ˆ Inflatio not showing much sign of tariff-tied increase, but Fed still not aiming to cut rates soon - https://www.marketwatch.com/story/inflatio-not-showing-much-sign-of-tariff-tied-increase-but-fed-still-not-aiming-to-cut-rates-soon-c1d9f62d | ðŸ“‰ Thereâ€™s an important market indicator that suggests investors remain wary. Itâ€™s good news for stocks. - https://www.marketwatch.com/story/theres-an-important-market-indicator-that-suggests-investors-remain-wary-its-good-news-for-stocks-506d96bd | ðŸ“‰ McCormick is focused on mitigating tariff impact on agriculture, says CEO Brendan Foley - https://www.cnbc.com/2025/06/26/mccormick-is-focused-on-mitigating-tariff-impact-on-agriculture-ceo.html"
2025-06-27,,6238.0,16.43,0,ðŸ“ˆ Bullish,bearish,6181.25,0.0,"ðŸ”¹ Stocks making the biggest moves midday: Nike, Uber, Newmont, Trade Desk and more - https://www.cnbc.com/2025/06/27/stocks-making-the-biggest-moves-midday-nke-uber-nem-and-ttd.html | ðŸ“‰ Global capital flows in the age of Trump, tariffs and trade wars - https://www.cnbc.com/video/2025/06/23/global-capital-flows-in-the-age-of-trump-tariffs-and-trade-wars.html | ðŸ“ˆ Commerce Sec. Howard Lutnick: China tariff levels are set and won't change from here - https://www.cnbc.com/video/2025/06/11/commerce-sec-howard-lutnick-china-tariff-levels-are-set-and-wont-change-from-here.html | ðŸ”¹ UK auto production for May slumps to lowest level since 1949 as Trump tariffs hit hard - https://www.cnbc.com/2025/06/27/trump-tariffs-uk-car-and-vehicle-output-falls-to-76-year-low-in-may.html | ðŸ“‰ Deep inside U.S. economy, more sticker prices start going up due to tariffs, and inventory is headed down - https://www.cnbc.com/2025/06/27/deep-inside-economy-more-sticker-prices-start-to-go-up-due-to-tariffs.html | ðŸ“ˆ ETF Flows Hit $500B in 2025: Retail Investors Buy the Dip Amid Volatility - https://www.wealthmanagement.com/etfs/retail-investors-power-u-s-etf-flows-past-500b-in-2025-despite-macro-risks"
2025-06-30,6173.07,6248.25,16.32,3,ðŸ“ˆ Bullish (Confidence: 0.77),bullish,6189.26,1.0,"ðŸ”¹ Why oil prices swung so wildly during the Iran-Israel conflict and where the market goes from here - https://www.cnbc.com/2025/06/29/oil-prices-iran-israel-conflict-nuclear-trump-sanctions.html â€” Discussion of past events and future possibilities without clear directional sentiment | ðŸ“ˆ Traders head into the second half of the year with stocks at all-time highs, jobs report pending - https://www.cnbc.com/2025/06/27/stock-market-next-week-outlook-for-june-30-july-4-2025.html â€” Mention of stocks at all-time highs suggests positive market sentiment | ðŸ“ˆ Bull market officially lives on with fresh S&P record, nears 1000 days - https://www.cnbc.com/2025/06/27/bull-market-officially-lives-on-with-fresh-sp-record-nears-1000-days.html â€” Reference to a bull market and a fresh S&P record indicates strong positive sentiment | ðŸ”¹ Global capital flows in the age of Trump, tariffs and trade wars - https://www.cnbc.com/video/2025/06/23/global-capital-flows-in-the-age-of-trump-tariffs-and-trade-wars.html â€” General discussion of global capital flows under political conditions, lacks specific market direction | ðŸ”¹ Commerce Sec. Howard Lutnick: China tariff levels are set and won't change from here - https://www.cnbc.com/video/2025/06/11/commerce-sec-howard-lutnick-china-tariff-levels-are-set-and-wont-change-from-here.html â€” Stable tariff levels imply no change in market conditions, neutral impact | ðŸ“‰ UK auto production for May slumps to lowest level since 1949 as Trump tariffs hit hard - https://www.cnbc.com/2025/06/27/trump-tariffs-uk-car-and-vehicle-output-falls-to-76-year-low-in-may.html â€” Significant slump in production due to tariffs indicates negative sentiment"
2025-06-30,,6247.0,17.1,0,ðŸ”¹ Neutral (Confidence: 0.74),bearish,6189.26,0.0,"ðŸ”¹ Stocks making the biggest moves premarket: Meta, Moderna, Hewlett Packard Enterprise, Juniper... - https://www.cnbc.com/2025/06/30/stocks-making-the-biggest-moves-premarket-meta-mrna-hpe-jnpr.html â€” Headline lists companies but does not specify direction of movement | ðŸ“ˆ Dow futures jump 200 points, S&P looks to add to record as investors bet on trade deals ahead: Live... - https://www.cnbc.com/2025/06/29/stock-market-today-live-updateshtml.html â€” Positive sentiment due to rising futures and expectations of trade deals | ðŸ”¹ Treasury yields tick lower as Trump's spending bill in focus - https://www.cnbc.com/2025/06/30/us-treasury-yields-investors-monitor-vote-on-trumps-spending-bill-.html â€” Focus on a spending bill, but impact on markets unclear | ðŸ”¹ Why oil prices swung so wildly during the Iran-Israel conflict and where the market goes from here - https://www.cnbc.com/2025/06/29/oil-prices-iran-israel-conflict-nuclear-trump-sanctions.html â€” Discussion of past price swings and future outlook, unclear direction | ðŸ”¹ Global capital flows in the age of Trump, tariffs and trade wars - https://www.cnbc.com/video/2025/06/23/global-capital-flows-in-the-age-of-trump-tariffs-and-trade-wars.html â€” Analytical discussion on global capital flows, no clear market direction | ðŸ”¹ Commerce Sec. Howard Lutnick: China tariff levels are set and won't change from here - https://www.cnbc.com/video/2025/06/11/commerce-sec-howard-lutnick-china-tariff-levels-are-set-and-wont-change-from-here.html â€” Stability in tariff levels, neutral impact on market sentiment | ðŸ“‰ UK auto production for May slumps to lowest level since 1949 as Trump tariffs hit hard - https://www.cnbc.com/2025/06/27/trump-tariffs-uk-car-and-vehicle-output-falls-to-76-year-low-in-may.html â€” Negative impact of tariffs on UK auto production"
2025-06-30,6190.91,6237.5,17.13,0,ðŸ”¹ Neutral (Confidence: 0.78),bearish,6189.26,0.0,"ðŸ“ˆ Morgan Stanley knocks down one of the big fears that was building around Trump's tariff fights - https://www.cnbc.com/2025/06/30/morgan-stanley-downplays-a-fear-that-was-building-around-trumps-tariffs.html â€” Morgan Stanley downplays fears related to tariffs, suggesting less negative impact than expected | ðŸ“‰ Clean energy stocks fall as Trump bill taxes components from China, phases out credits - https://www.cnbc.com/2025/06/30/solar-stocks-fall-as-trump-bill-taxes-components-from-china.html â€” Clean energy stocks fall due to new taxes and reduced credits | ðŸ“ˆ S&P 500 rises to another record to wrap up second-quarter comeback: Live updates - https://www.cnbc.com/2025/06/29/stock-market-today-live-updateshtml.html â€” S&P 500 reaches a new record, indicating positive market sentiment | ðŸ”¹ Global capital flows in the age of Trump, tariffs and trade wars - https://www.cnbc.com/video/2025/06/23/global-capital-flows-in-the-age-of-trump-tariffs-and-trade-wars.html â€” Discussion of global capital flows in current political and economic context is informative but not directly market-moving | ðŸ”¹ Commerce Sec. Howard Lutnick: China tariff levels are set and won't change from here - https://www.cnbc.com/video/2025/06/11/commerce-sec-howard-lutnick-china-tariff-levels-are-set-and-wont-change-from-here.html â€” Stability in tariff levels could mean no further negative surprises, but impact is neutral without additional context | ðŸ“‰ UK auto production for May slumps to lowest level since 1949 as Trump tariffs hit hard - https://www.cnbc.com/2025/06/27/trump-tariffs-uk-car-and-vehicle-output-falls-to-76-year-low-in-may.html â€” Significant slump in UK auto production due to tariffs indicates negative impact on the industry"
2025-07-01,,,17.27,-6,ðŸ“‰ Bearish (Confidence: 0.75),bearish,6199.63,1.0,"ðŸ”¹ Stocks making the biggest moves premarket: Tesla, Sweetgreen, Hasbro, AeroVironment and more - https://www.cnbc.com/2025/07/01/stocks-making-the-biggest-moves-premarket-tsla-sg-avav-has-and-more.html â€” Headline lists stocks moving but does not specify direction of movement | ðŸ“‰ Global capital flows in the age of Trump, tariffs and trade wars - https://www.cnbc.com/video/2025/06/23/global-capital-flows-in-the-age-of-trump-tariffs-and-trade-wars.html â€” Discussion of tariffs and trade wars generally has a negative impact on market sentiment | ðŸ”¹ Commerce Sec. Howard Lutnick: China tariff levels are set and won't change from here - https://www.cnbc.com/video/2025/06/11/commerce-sec-howard-lutnick-china-tariff-levels-are-set-and-wont-change-from-here.html â€” Stability in tariff levels could be interpreted as either positive or negative, but the headline itself is neutral | ðŸ“‰ UK auto production for May slumps to lowest level since 1949 as Trump tariffs hit hard - https://www.cnbc.com/2025/06/27/trump-tariffs-uk-car-and-vehicle-output-falls-to-76-year-low-in-may.html â€” Slump in auto production to a historic low due to tariffs is clearly negative"
2025-07-01,6198.35,6244.75,16.86,0,ðŸ”¹ Neutral (Confidence: 0.77),bullish,6199.63,0.0,"ðŸ”¹ Stocks making the biggest moves midday: Tesla, Tandem Diabetes, GE Vernova, Hasbro and more - https://www.cnbc.com/2025/07/01/stocks-making-the-biggest-moves-midday-tsla-tndm-gev-has-more.html â€” Headline lists stock movements without indicating overall market direction | ðŸ“ˆ How to play one of the hottest regions in the world for stocks - https://www.cnbc.com/2025/07/01/how-to-play-one-of-the-hottest-regions-in-the-world-for-stocks.html â€” Describes a region as 'hottest' for stocks, implying positive performance | ðŸ”¹ Dow rallies, S&P 500 is flat as investors rotate out of tech to start new quarter: Live updates - https://www.cnbc.com/2025/06/30/stock-market-today-live-updates.html â€” Mixed signals with Dow rallying but S&P 500 flat and tech rotation | ðŸ”¹ Global capital flows in the age of Trump, tariffs and trade wars - https://www.cnbc.com/video/2025/06/23/global-capital-flows-in-the-age-of-trump-tariffs-and-trade-wars.html â€” Discusses global capital flows in a challenging political context, neutral on market direction | ðŸ”¹ Commerce Sec. Howard Lutnick: China tariff levels are set and won't change from here - https://www.cnbc.com/video/2025/06/11/commerce-sec-howard-lutnick-china-tariff-levels-are-set-and-wont-change-from-here.html â€” Stable tariff levels suggest no change in current economic policies | ðŸ“‰ UK auto production for May slumps to lowest level since 1949 as Trump tariffs hit hard - https://www.cnbc.com/2025/06/27/trump-tariffs-uk-car-and-vehicle-output-falls-to-76-year-low-in-may.html â€” Indicates a significant slump in UK auto production due to tariffs"
2025-07-02,6198.01,6240.5,17.27,-9,ðŸ“‰ Bearish (Confidence: 0.7),nan,,,"ðŸ”¹ Stocks making the biggest moves premarket: Centene, JPMorgan, Cava and more - https://www.cnbc.com/2025/07/02/stocks-making-the-biggest-moves-premarket-cnc-jpm-cava-and-more.html â€” Headline lists companies but does not specify positive or negative movement | ðŸ“‰ 10-year Treasury yield remains higher despite weak ADP jobs report - https://www.cnbc.com/2025/07/02/us-treasury-yields-investors-weigh-trumps-big-beautiful-bill-.html â€” Higher Treasury yields despite weak jobs report suggests negative economic sentiment | ðŸ“‰ Global capital flows in the age of Trump, tariffs and trade wars - https://www.cnbc.com/video/2025/06/23/global-capital-flows-in-the-age-of-trump-tariffs-and-trade-wars.html â€” Discussion of tariffs and trade wars generally has a negative impact on market sentiment | ðŸ”¹ Commerce Sec. Howard Lutnick: China tariff levels are set and won't change from here - https://www.cnbc.com/video/2025/06/11/commerce-sec-howard-lutnick-china-tariff-levels-are-set-and-wont-change-from-here.html â€” Statement about tariff levels being set indicates stability but does not directly imply market movement | ðŸ“‰ UK auto production for May slumps to lowest level since 1949 as Trump tariffs hit hard - https://www.cnbc.com/2025/06/27/trump-tariffs-uk-car-and-vehicle-output-falls-to-76-year-low-in-may.html â€” Significant slump in auto production due to tariffs indicates negative impact on the industry"
2025-07-02,6217.38,6264.5,16.72,0,ðŸ”¹ Neutral (Confidence: 0.77),nan,,,"ðŸ“ˆ Ether and related stocks gain amid the latest crypto craze: Tokenization - https://www.cnbc.com/2025/07/02/ether-and-related-stocks-gain-amid-the-latest-crypto-craze-tokenization.html â€” Positive news on gains related to crypto tokenization | ðŸ”¹ Stocks making the biggest moves midday: Tesla, Centene, Robinhood, Nike and more - https://www.cnbc.com/2025/07/02/stocks-making-the-biggest-moves-midday-tsla-cnc-hood-nke.html â€” Listing of stocks moving without specific directional sentiment | ðŸ”¹ S&P 500 rises after Trump announces Vietnam trade deal; gains limited by weak jobs data: Live... - https://www.cnbc.com/2025/07/01/stock-market-today-live-updates.html â€” Mixed influences with trade deal and weak jobs data | ðŸ”¹ Global capital flows in the age of Trump, tariffs and trade wars - https://www.cnbc.com/video/2025/06/23/global-capital-flows-in-the-age-of-trump-tariffs-and-trade-wars.html â€” General discussion on global capital flows and trade policies | ðŸ”¹ Commerce Sec. Howard Lutnick: China tariff levels are set and won't change from here - https://www.cnbc.com/video/2025/06/11/commerce-sec-howard-lutnick-china-tariff-levels-are-set-and-wont-change-from-here.html â€” Stable policy announcement on tariffs | ðŸ“‰ UK auto production for May slumps to lowest level since 1949 as Trump tariffs hit hard - https://www.cnbc.com/2025/06/27/trump-tariffs-uk-car-and-vehicle-output-falls-to-76-year-low-in-may.html â€” Negative impact of tariffs on UK auto production"
2025-07-03,6227.42,6286.5,16.22,0,ðŸ”¹ Neutral (Confidence: 0.74),bullish,6279.35,0.0,"ðŸ”¹ Stocks making the biggest moves premarket: Synopsys, Tripadvisor, Datadog, Robinhood and more - https://www.cnbc.com/2025/07/03/stocks-making-the-biggest-moves-premarket-snps-trip-ddog-hood-and-more.html â€” List of stocks moving without specific direction indicated | ðŸ“ˆ 10-year Treasury yield leaps after June jobs figures are much better than forecast - https://www.cnbc.com/2025/07/03/us-treasury-yields-investors-await-junes-big-jobs-report-.html â€” Positive jobs report suggests strong economy | ðŸ”¹ Global capital flows in the age of Trump, tariffs and trade wars - https://www.cnbc.com/video/2025/06/23/global-capital-flows-in-the-age-of-trump-tariffs-and-trade-wars.html â€” General discussion on global capital flows, no specific market direction | ðŸ”¹ Commerce Sec. Howard Lutnick: China tariff levels are set and won't change from here - https://www.cnbc.com/video/2025/06/11/commerce-sec-howard-lutnick-china-tariff-levels-are-set-and-wont-change-from-here.html â€” Stable policy announcement, no immediate market impact expected | ðŸ“‰ UK auto production for May slumps to lowest level since 1949 as Trump tariffs hit hard - https://www.cnbc.com/2025/06/27/trump-tariffs-uk-car-and-vehicle-output-falls-to-76-year-low-in-may.html â€” Negative impact of tariffs on UK auto production"
2025-07-03,6282.81,6326.75,16.48,0,ðŸ”¹ Neutral (Confidence: 0.76),bearish,6279.35,0.0,"ðŸ”¹ Stocks making the biggest moves midday: First Solar, CrowdStrike, Datadog, Robinhood and more - https://www.cnbc.com/2025/07/03/stocks-making-the-biggest-moves-midday-fslr-crwd-ddog-hood.html â€” Headline lists companies but does not specify direction of movement | ðŸ“ˆ Dow rises 350 points, S&P 500 hits fresh record after a better-than-expected June jobs report: Live... - https://www.cnbc.com/2025/07/02/stock-market-today-live-updates.html â€” Positive market movement indicated by rising points and record high | ðŸ”¹ Global capital flows in the age of Trump, tariffs and trade wars - https://www.cnbc.com/video/2025/06/23/global-capital-flows-in-the-age-of-trump-tariffs-and-trade-wars.html â€” Discussion of global capital flows but no clear market direction indicated | ðŸ”¹ Commerce Sec. Howard Lutnick: China tariff levels are set and won't change from here - https://www.cnbc.com/video/2025/06/11/commerce-sec-howard-lutnick-china-tariff-levels-are-set-and-wont-change-from-here.html â€” Stable tariff levels suggest no immediate change in market conditions | ðŸ“‰ UK auto production for May slumps to lowest level since 1949 as Trump tariffs hit hard - https://www.cnbc.com/2025/06/27/trump-tariffs-uk-car-and-vehicle-output-falls-to-76-year-low-in-may.html â€” Negative impact on UK auto production due to tariffs"
2025-07-04,,6283.75,17.61,6,ðŸ“ˆ Bullish (Confidence: 0.78),bearish,6279.35,0.0,"ðŸ“ˆ CFRA hikes outlook for S&P 500 as stock market rises to new highs - https://www.cnbc.com/2025/07/03/cfra-hikes-outlook-for-sp-500-as-stock-market-rises-to-new-highs.html â€” CFRA hikes outlook for S&P 500 as market reaches new highs | ðŸ“ˆ Dow jumps more than 300 points, S&P 500 sets new record after strong June jobs report - https://www.cnbc.com/2025/07/02/stock-market-today-live-updates.html â€” Dow and S&P 500 rise significantly after positive jobs report | ðŸ”¹ ECB's latest rate cycle is â€˜done,â€™ Chief Economist Philip Lane says - https://www.cnbc.com/video/2025/07/01/tightening-cycle-is-done-says-ecbs-lane.html â€” ECB's rate cycle completion is a neutral event indicating no further rate changes | ðŸ”¹ Fed's Bostic: July meeting too early to assess inflationary impact of tariffs - https://www.cnbc.com/video/2025/06/30/feds-bostic-july-meeting-too-early-to-assess-inflationary-impact-of-tariffs.html â€” Uncertainty about inflationary impact of tariffs, no clear directional sentiment"
2025-07-04,6279.35,6289.0,17.48,6,ðŸ“ˆ Bullish (Confidence: 0.78),bearish,6279.35,0.0,"ðŸ“ˆ CFRA hikes outlook for S&P 500 as stock market rises to new highs - https://www.cnbc.com/2025/07/03/cfra-hikes-outlook-for-sp-500-as-stock-market-rises-to-new-highs.html â€” CFRA upgrades S&P 500 outlook as market reaches new highs | ðŸ“ˆ Dow jumps more than 300 points, S&P 500 sets new record after strong June jobs report - https://www.cnbc.com/2025/07/02/stock-market-today-live-updates.html â€” Dow and S&P 500 rise sharply after positive jobs report | ðŸ”¹ ECB's latest rate cycle is â€˜done,â€™ Chief Economist Philip Lane says - https://www.cnbc.com/video/2025/07/01/tightening-cycle-is-done-says-ecbs-lane.html â€” ECB's rate cycle completion is a neutral event indicating no further rate hikes or cuts | ðŸ”¹ Fed's Bostic: July meeting too early to assess inflationary impact of tariffs - https://www.cnbc.com/video/2025/06/30/feds-bostic-july-meeting-too-early-to-assess-inflationary-impact-of-tariffs.html â€” Fed's Bostic comments are non-committal and show uncertainty about future monetary policy"
2025-07-07,6279.35,6300.75,17.75,-3,ðŸ“‰ Bearish (Confidence: 0.68),bearish,6224.6,1.0,"ðŸ”¹ Stocks making the biggest premarket moves: Tesla, Geo Group, Molina Healthcare, SolarEdge... - https://www.cnbc.com/2025/07/07/stocks-making-the-biggest-premarket-moves-ttsla-geo-moh-sedg.html â€” Headline lists stocks moving in premarket without indicating direction of movement | ðŸ“‰ S&P 500 futures fall slightly as Bessent says several trade announcements are ahead: Live updates - https://www.cnbc.com/2025/07/06/stock-market-today-live-updates.html â€” S&P 500 futures falling suggests negative market sentiment | ðŸ“ˆ Treasury yields hold steady as Trump extends tariff deadline - https://www.cnbc.com/2025/07/07/us-treasury-yields-trump-extends-tariff-deadline-.html â€” Extending tariff deadline may reduce immediate economic tensions | ðŸ“‰ ECB's latest rate cycle is â€˜done,â€™ Chief Economist Philip Lane says - https://www.cnbc.com/video/2025/07/01/tightening-cycle-is-done-says-ecbs-lane.html â€” End of ECB rate cycle suggests no further stimulative rate cuts, potentially negative for growth expectations | ðŸ”¹ Fed's Bostic: July meeting too early to assess inflationary impact of tariffs - https://www.cnbc.com/video/2025/06/30/feds-bostic-july-meeting-too-early-to-assess-inflationary-impact-of-tariffs.html â€” Uncertainty about inflationary impacts of tariffs indicates a neutral stance"
2025-07-07,6230.43,6268.75,17.91,-9,ðŸ“‰ Bearish (Confidence: 0.83),bearish,6224.6,1.0,"ðŸ”¹ Stocks making big midday moves: Tesla, Uber, Royal Gold, Stellantis, WNS and more - https://www.cnbc.com/2025/07/07/stocks-making-big-midday-moves-tesla-uber-stellantis-wns-and-more.html â€” Headline lists stocks moving but does not specify direction of movement | ðŸ“‰ Weak breadth as S&P 500 makes new high bodes poorly for future returns - https://www.cnbc.com/2025/07/07/weak-breadth-as-sp-500-makes-new-high-bodes-poorly-for-future-returns.html â€” Indicates negative outlook due to weak market breadth despite new highs | ðŸ“‰ Dow falls 400 points to session low after Trump announces 25% tariff on Japan, Korea goods: Live... - https://www.cnbc.com/2025/07/06/stock-market-today-live-updates.html â€” Negative sentiment due to significant market drop following tariff announcement | ðŸ“‰ Stifel sees a 12% drop for the S&P 500 in the second half of 2025 - https://www.cnbc.com/2025/07/07/stifel-sees-a-12percent-drop-for-the-sp-500-in-the-second-half-of-2025.html â€” Prediction of a significant market drop | ðŸ”¹ ECB's latest rate cycle is â€˜done,â€™ Chief Economist Philip Lane says - https://www.cnbc.com/video/2025/07/01/tightening-cycle-is-done-says-ecbs-lane.html â€” End of rate cycle indicates neutral market impact | ðŸ”¹ Fed's Bostic: July meeting too early to assess inflationary impact of tariffs - https://www.cnbc.com/video/2025/06/30/feds-bostic-july-meeting-too-early-to-assess-inflationary-impact-of-tariffs.html â€” Uncertainty about inflationary impact suggests a neutral stance"
2025-07-08,6229.98,6283.0,17.01,6,ðŸ“ˆ Bullish (Confidence: 0.72),bearish,6226.4,0.0,"ðŸ”¹ S&P 500 futures are little changed as investors look to recover from Monday's tariffs shock: Live... - https://www.cnbc.com/2025/07/07/stock-market-today-live-updates.html â€” Futures little changed indicates uncertainty or lack of significant movement. | ðŸ“ˆ Goldman Sachs becomes second Wall Street bank to raise its S&P 500 target this week - https://www.cnbc.com/2025/07/08/goldman-sachs-becomes-second-wall-street-bank-to-raise-its-sp-500-target-this-week.html â€” Raising S&P 500 target suggests positive outlook on market. | ðŸ“ˆ Bank of America raises year-end S&P 500 target to catch up to 'meteoric run,' sees little gain from... - https://www.cnbc.com/2025/07/08/bank-of-america-raises-year-end-sp-500-target-to-catch-up-to-meteoric-run-sees-little-gain-from-here.html â€” Raising target but indicating little gain suggests a cautious positive outlook. | ðŸ”¹ Stocks making the biggest moves premarket: Sunrun, Datadog, Bank of America and more - https://www.cnbc.com/2025/07/08/stocks-making-the-biggest-moves-premarket-run-ddog-bac.html â€” List of stocks moving does not indicate overall market direction. | ðŸ”¹ ECB's latest rate cycle is â€˜done,â€™ Chief Economist Philip Lane says - https://www.cnbc.com/video/2025/07/01/tightening-cycle-is-done-says-ecbs-lane.html â€” End of rate cycle indicates a neutral stance on future monetary policy. | ðŸ”¹ Fed's Bostic: July meeting too early to assess inflationary impact of tariffs - https://www.cnbc.com/video/2025/06/30/feds-bostic-july-meeting-too-early-to-assess-inflationary-impact-of-tariffs.html â€” Uncertainty about inflationary impacts suggests a neutral outlook."
2025-07-08,6231.94,6282.75,,-3,ðŸ“‰ Bearish (Confidence: 0.68),bearish,6226.4,1.0,"ðŸ”¹ Stocks making the biggest moves midday: Hershey, Chemours, Fair Isaac, Sunrun & more - https://www.cnbc.com/2025/07/08/stocks-making-the-biggest-moves-midday-hsy-cc-fico-run.html â€” Headline lists stocks with significant movements but does not specify direction of the movement | ðŸ”¹ Trump keeps saying he wants high tariffs, but market is refusing to listen - https://www.cnbc.com/2025/07/08/trump-keeps-saying-he-wants-high-tariffs-but-market-refuses-to-listen.html â€” Mentions Trump's desire for high tariffs but indicates the market is not reacting | ðŸ“‰ S&P 500 struggles for a second day as Trump says no extensions will be granted to Aug. 1 trade... - https://www.cnbc.com/2025/07/07/stock-market-today-live-updates.html â€” S&P 500 struggling suggests negative market sentiment | ðŸ“ˆ Inflation expectations drift back down to pre-tariff levels, New York Fed survey shows - https://www.cnbc.com/2025/07/08/inflation-expectations-drift-back-down-to-pre-tariff-levels-new-york-fed-survey-shows.html â€” Inflation expectations returning to pre-tariff levels might be seen as stabilizing and positive | ðŸ“‰ ECB's latest rate cycle is â€˜done,â€™ Chief Economist Philip Lane says - https://www.cnbc.com/video/2025/07/01/tightening-cycle-is-done-says-ecbs-lane.html â€” End of ECB's rate cycle could suggest no more stimulative rate cuts, potentially bearish | ðŸ”¹ Fed's Bostic: July meeting too early to assess inflationary impact of tariffs - https://www.cnbc.com/video/2025/06/30/feds-bostic-july-meeting-too-early-to-assess-inflationary-impact-of-tariffs.html â€” Uncertainty about the impact of tariffs on inflation suggests a neutral stance as the situation is still being assessed"
2025-07-09,6225.52,6266.25,16.81,9,ðŸ“ˆ Bullish (Confidence: 0.7),bullish,6245.0,1.0,"ðŸ”¹ Stock futures are little changed as investors monitor Trump tariff developments: Live updates - https://www.cnbc.com/2025/07/08/stock-market-today-live-updates.html â€” Investors are monitoring developments without clear direction | ðŸ“ˆ Amazon's Prime Day plus Q2 earnings season put consumers in the spotlight - https://www.cnbc.com/2025/07/08/amazons-prime-day-plus-earnings-season-put-consumers-in-the-spotlight.html â€” Prime Day and earnings season could boost consumer focus and spending | ðŸ”¹ Trump keeps saying he wants high tariffs, but market is refusing to listen - https://www.cnbc.com/2025/07/08/trump-keeps-saying-he-wants-high-tariffs-but-market-refuses-to-listen.html â€” Market is not reacting to tariff threats, indicating uncertainty | ðŸ“ˆ Inflation expectations drift back down to pre-tariff levels, New York Fed survey shows - https://www.cnbc.com/2025/07/08/inflation-expectations-drift-back-down-to-pre-tariff-levels-new-york-fed-survey-shows.html â€” Inflation expectations returning to normal could stabilize market sentiment | ðŸ“‰ ECB's latest rate cycle is â€˜done,â€™ Chief Economist Philip Lane says - https://www.cnbc.com/video/2025/07/01/tightening-cycle-is-done-says-ecbs-lane.html â€” End of rate tightening cycle might suggest limited future economic stimulus | ðŸ”¹ Fed's Bostic: July meeting too early to assess inflationary impact of tariffs - https://www.cnbc.com/video/2025/06/30/feds-bostic-july-meeting-too-early-to-assess-inflationary-impact-of-tariffs.html â€” Uncertainty about the inflationary impact of tariffs, indicating a wait-and-see approach | ðŸ“ˆ Oil prices are climbing because a new battle for global market share is brewing - https://www.marketwatch.com/story/oil-prices-are-climbing-because-a-new-battle-for-global-market-share-is-brewing-f54e39ba â€” Rising oil prices suggest higher energy sector profitability | ðŸ“ˆ How junk bonds are signaling the same optimism about the U.S. economy as stocks - https://www.marketwatch.com/story/how-junk-bonds-are-signaling-the-same-optimism-about-the-u-s-economy-as-stocks-46c56cc5 â€” Junk bonds showing optimism could indicate positive market sentiment | ðŸ”¹ More tariff letters look set to hit. A Trump official says theyâ€™ll include a â€˜generalâ€™ notice. - https://www.marketwatch.com/story/more-tariff-letters-look-set-to-hit-a-trump-official-says-theyll-include-a-general-notice-9f9d1849 â€” Announcement of more tariffs introduces uncertainty"
2025-07-09,,6286.5,,-3,ðŸ“‰ Bearish (Confidence: 0.64),bearish,6245.0,1.0,"ðŸ”¹ Stocks making the biggest moves premarket: Starbucks, AES, Verona Pharma, UnitedHealth & more - https://www.cnbc.com/2025/07/09/stocks-making-the-biggest-moves-premarket-sbux-aes-vrna-unh.html â€” Listing of stocks moving does not indicate direction of market or sentiment | ðŸ“ˆ Stock futures rise as investors monitor Trump tariff developments: Live updates - https://www.cnbc.com/2025/07/08/stock-market-today-live-updates.html â€” Stock futures rising suggests positive market sentiment | ðŸ”¹ ECB's latest rate cycle is â€˜done,â€™ Chief Economist Philip Lane says - https://www.cnbc.com/video/2025/07/01/tightening-cycle-is-done-says-ecbs-lane.html â€” End of ECB rate cycle indicates a neutral stance on future economic policy changes | ðŸ”¹ Fed's Bostic: July meeting too early to assess inflationary impact of tariffs - https://www.cnbc.com/video/2025/06/30/feds-bostic-july-meeting-too-early-to-assess-inflationary-impact-of-tariffs.html â€” Uncertainty about inflationary impacts from tariffs indicates a neutral market impact | ðŸ“‰ This early-warning indicator is telling the stock market that a recession is more likely - https://www.marketwatch.com/story/this-early-warning-indicator-is-telling-the-stock-market-that-a-recession-is-more-likely-825f2b87 â€” Early-warning indicator suggesting a recession implies negative market sentiment | ðŸ“‰ Why interest-rate cuts wonâ€™t be the fuel the stock market needs to rocket higher - https://www.marketwatch.com/story/why-interest-rate-cuts-wont-be-the-fuel-the-stock-market-needs-to-rocket-higher-622dca61 â€” Skepticism about the effectiveness of interest rate cuts to boost the market suggests bearish sentiment | ðŸ”¹ What will it take for the Fed to cut rates in September? Look here for clues. - https://www.marketwatch.com/story/what-will-it-take-for-the-fed-to-cut-rates-in-september-look-here-for-clues-77dd2770 â€” Speculation on conditions for rate cuts indicates uncertainty and a neutral sentiment"
2025-07-09,6242.44,,,-3,ðŸ“‰ Bearish (Confidence: 0.78),bullish,6245.0,0.0,"ðŸ”¹ Stocks making the biggest moves midday: AES, Nvidia, Bloom Energy, Verona Pharma and more - https://www.cnbc.com/2025/07/09/stocks-making-the-biggest-moves-midday-aes-nvda-be-vrna.html â€” Headline lists stocks moving but does not specify direction of movement | ðŸ“‰ Trump's next Fed chair pick already comes with a credibility problem - https://www.cnbc.com/2025/07/09/trumps-next-fed-chair-pick-already-comes-with-a-credibility-problem.html â€” Credibility problem suggests negative sentiment | ðŸ“ˆ S&P 500 rebounds after 2 days of losses, Nvidia leads gain as it reaches $4 trillion market value:... - https://www.cnbc.com/2025/07/08/stock-market-today-live-updates.html â€” Nvidia leading gains and reaching a significant market value implies positive market sentiment | ðŸ”¹ Even international markets directly affected are starting to ignore Trump's tough trade threats - https://www.cnbc.com/2025/07/09/even-international-markets-directly-affected-are-ignoring-trumps-threats.html â€” Ignoring threats may suggest resilience but lacks clear market direction | ðŸ“‰ ECB's latest rate cycle is â€˜done,â€™ Chief Economist Philip Lane says - https://www.cnbc.com/video/2025/07/01/tightening-cycle-is-done-says-ecbs-lane.html â€” End of rate tightening cycle could imply no further bullish support from rate cuts | ðŸ”¹ Fed's Bostic: July meeting too early to assess inflationary impact of tariffs - https://www.cnbc.com/video/2025/06/30/feds-bostic-july-meeting-too-early-to-assess-inflationary-impact-of-tariffs.html â€” Uncertainty about inflationary impacts suggests a neutral stance | ðŸ“ˆ Big Tech rallies â€” plus, where we stand on Starbucks after China stake offers - https://www.cnbc.com/2025/07/09/big-tech-rallies-plus-where-we-stand-on-starbucks-after-china-stake-offers.html â€” Rally in big tech indicates positive sentiment | ðŸ“‰ This early-warning indicator is telling the stock market that a recession is more likely - https://www.marketwatch.com/story/this-early-warning-indicator-is-telling-the-stock-market-that-a-recession-is-more-likely-825f2b87 â€” Early-warning indicator of a recession suggests negative market outlook"
2025-07-10,6263.26,6301.5,15.98,3,ðŸ“ˆ Bullish (Confidence: 0.69),bullish,6281.25,1.0,"ðŸ”¹ Stocks making the biggest moves premarket: Delta Air Lines, WK Kellogg, PTC, AMD and more - https://www.cnbc.com/2025/07/10/stocks-making-the-biggest-moves-premarket-dal-klg-ptc-amd-and-more.html â€” Headline lists stocks moving but does not specify direction of movement | ðŸ“ˆ Treasury yields are steady on more signs of solid economy - https://www.cnbc.com/2025/07/10/us-treasury-yields-trumps-trade-war-intensifies-.html â€” Steady treasury yields on signs of a solid economy suggest positive sentiment | ðŸ”¹ Stock futures are little changed after Nasdaq notches new record: Live updates - https://www.cnbc.com/2025/07/09/stock-market-today-live-updates.html â€” Stock futures little changed indicates neutral market movement | ðŸ“‰ ECB's latest rate cycle is â€˜done,â€™ Chief Economist Philip Lane says - https://www.cnbc.com/video/2025/07/01/tightening-cycle-is-done-says-ecbs-lane.html â€” End of ECB rate cycle suggests no further rate cuts, potentially bearish | ðŸ”¹ Fed's Bostic: July meeting too early to assess inflationary impact of tariffs - https://www.cnbc.com/video/2025/06/30/feds-bostic-july-meeting-too-early-to-assess-inflationary-impact-of-tariffs.html â€” Uncertainty about inflationary impacts of tariffs indicates a neutral stance | ðŸ“ˆ Jobless claims fall to nearly 2-month low. No sign layoffs have risen due to trade wars. - https://www.marketwatch.com/story/jobless-claims-fall-to-nearly-2-month-low-no-sign-layoffs-have-risen-due-to-trade-wars-dae4042b â€” Fall in jobless claims and no increase in layoffs suggest a strong job market | ðŸ“ˆ Airline stocks soar, lifted by Deltaâ€™s earnings beat and restored full-year guidance - https://www.marketwatch.com/story/delta-stock-soars-lifted-by-better-than-expected-earnings-and-restored-full-year-guidance-6ca4514f â€” Airline stocks rising due to positive earnings report indicates bullish sentiment | ðŸ“‰ Bitcoin hits record high. Why the cryptoâ€™s rally may lose steam after briefly topping $112,000. - https://www.marketwatch.com/story/bitcoin-hits-record-high-why-the-cryptos-rally-may-lose-steam-after-briefly-topping-112-000-00941186 â€” Concerns that Bitcoin's rally may lose steam suggest bearish sentiment"
2025-07-10,6277.05,6321.5,15.83,3,ðŸ“ˆ Bullish (Confidence: 0.75),bullish,6281.25,1.0,"ðŸ”¹ Stocks making the biggest moves midday: MP Materials, Delta Air Lines, WK Kellogg, Hertz & more - https://www.cnbc.com/2025/07/10/stocks-making-the-biggest-moves-midday-mp-dal-klg-htz.html â€” Headline lists stock movements without clear direction | ðŸ“ˆ Dow gains 200 points as traders shake off tariff developments: Live updates - https://www.cnbc.com/2025/07/09/stock-market-today-live-updates.html â€” Dow gains indicate positive market sentiment | ðŸ“ˆ The most bullish S&P 500 forecast out there on Wall Street: 7,000 by year-end - https://www.cnbc.com/2025/07/10/the-most-bullish-sp-500-forecast-on-wall-street-7000-by-year-end.html â€” Forecast of S&P 500 reaching 7,000 is highly optimistic | ðŸ“‰ Trump's latest tariff shock just hit one of the best-performing stock markets in the world - https://www.cnbc.com/2025/07/10/trump-tariff-shock-hits-one-of-worlds-best-performing-stock-markets.html â€” Tariff shock negatively impacts a top-performing market | ðŸ”¹ ECB's latest rate cycle is â€˜done,â€™ Chief Economist Philip Lane says - https://www.cnbc.com/video/2025/07/01/tightening-cycle-is-done-says-ecbs-lane.html â€” End of rate cycle indicates a neutral stance on future economic policy | ðŸ”¹ Fed's Bostic: July meeting too early to assess inflationary impact of tariffs - https://www.cnbc.com/video/2025/06/30/feds-bostic-july-meeting-too-early-to-assess-inflationary-impact-of-tariffs.html â€” Uncertainty about inflationary impacts of tariffs suggests a wait-and-see approach | ðŸ“‰ Coffee prices rise on Trump tariff threat â€” plus, the winners in Thursday's market rotation - https://www.cnbc.com/2025/07/10/coffee-prices-rise-on-trump-tariff-threat-plus-market-rotation-winners.html â€” Rising coffee prices due to tariffs could indicate negative economic pressures | ðŸ“ˆ Can the S&P 500 hit 7,000 by year-end? One veteran Wall Street strategist says yes. - https://www.marketwatch.com/story/can-the-s-p-500-hit-7-000-by-year-end-one-veteran-wall-street-strategist-says-yes-bf3f8efa â€” Optimistic view from a veteran strategist about S&P 500 hitting 7,000 | ðŸ“‰ Consumers are still struggling, as inflation is a problem again, this food company says - https://www.marketwatch.com/story/consumers-are-still-struggling-as-inflation-is-a-problem-again-this-food-company-says-d4b50905 â€” Concerns about consumer struggle and inflation suggest negative sentiment | ðŸ“ˆ Jobless claims fall to nearly 2-month low. No sign layoffs have risen due to trade wars. - https://www.marketwatch.com/story/jobless-claims-fall-to-nearly-2-month-low-no-sign-layoffs-have-risen-due-to-trade-wars-dae4042b â€” Decrease in jobless claims suggests a strong job market"
2025-07-11,,,,-6,ðŸ“‰ Bearish (Confidence: 0.8),bearish,6266.02,1.0,"ðŸ”¹ Fed's Bostic: July meeting too early to assess inflationary impact of tariffs - https://www.cnbc.com/video/2025/06/30/feds-bostic-july-meeting-too-early-to-assess-inflationary-impact-of-tariffs.html â€” Fed unsure about inflationary impact of tariffs | ðŸ“‰ ECB's latest rate cycle is â€˜done,â€™ Chief Economist Philip Lane says - https://www.cnbc.com/video/2025/07/01/tightening-cycle-is-done-says-ecbs-lane.html â€” Stock futures fall after new tariffs announced | ðŸ“‰ Josh Brown says you don't want this bull market to need rate cuts, Amazon could be undervalued - https://www.cnbc.com/2025/07/10/josh-brown-says-you-dont-want-this-bull-market-to-need-rate-cuts-amazon-could-be-undervalued.html â€” Negative market reaction to new tariffs"
2025-07-11,,,,-9,ðŸ“‰ Bearish (Confidence: 0.66),bearish,6266.02,1.0,"ðŸ“‰ Dow futures drop 200 points, S&P set to retreat from record as Trump escalates trade battles: Live... - https://www.cnbc.com/2025/07/10/stock-market-today-live-updates.html â€” Dow futures dropping and S&P set to retreat due to trade tensions | ðŸ“‰ ECB's latest rate cycle is â€˜done,â€™ Chief Economist Philip Lane says - https://www.cnbc.com/video/2025/07/01/tightening-cycle-is-done-says-ecbs-lane.html â€” ECB's Chief Economist signaling end of rate cycle | ðŸ”¹ Stocks making the biggest moves premarket: Coinbase, Levi Strauss, AMC and more - https://www.cnbc.com/2025/07/11/stocks-making-the-biggest-moves-premarket-coin-levi-amc.html â€” Mixed movements in premarket stocks | ðŸ”¹ Fed's Bostic: July meeting too early to assess inflationary impact of tariffs - https://www.cnbc.com/video/2025/06/30/feds-bostic-july-meeting-too-early-to-assess-inflationary-impact-of-tariffs.html â€” Uncertainty regarding inflationary impact of tariffs | ðŸ“‰ Treasury yields rise as Trump slaps 35% tariffs on Canada - https://www.cnbc.com/2025/07/11/us-treasury-yields-trump-slaps-35percent-tariffs-on-canada-.html â€” Treasury yields rising due to new tariffs on Canada"
2025-07-11,6261.81,6303.0,16.27,-9,ðŸ“‰ Bearish (Confidence: 0.7),bullish,6266.02,0.0,"ðŸ“‰ Fed's Bostic: July meeting too early to assess inflationary impact of tariffs - https://www.cnbc.com/video/2025/06/30/feds-bostic-july-meeting-too-early-to-assess-inflationary-impact-of-tariffs.html â€” Trade tensions escalating and market dropping | ðŸ“‰ Dow drops 300 points, S&P retreats from record as Trump escalates trade battles: Live updates - https://www.cnbc.com/2025/07/10/stock-market-today-live-updates.html â€” Criticism of Fed and potential investigation causing uncertainty | ðŸ”¹ Trump budget chief Vought ramps up criticism of Powell, vows investigation into Fed renovations - https://www.cnbc.com/2025/07/11/trump-budget-chief-vought-ramps-up-criticism-of-powell-vows-investigation-into-fed-renovations.html â€” Mixed moves in the stock market | ðŸ“‰ Stocks making the biggest moves midday: Penn Entertainment, Robinhood, Levi Strauss & more - https://www.cnbc.com/2025/07/11/stocks-making-the-biggest-moves-midday-penn-hood-levi.html â€” Tariff chaos impacting S&P and trader uncertainty | ðŸ”¹ Tariff chaos spoils new S&P record as traders brace for Trump's EU letter - https://www.cnbc.com/2025/07/11/tariff-chaos-spoils-new-sp-record-as-traders-brace-for-trumps-eu-letter.html â€” ECB's rate cycle status not directly impacting US markets"
2025-07-14,,,17.35,-6,ðŸ“‰ Bearish (Confidence: 0.68),bearish,6267.2,1.0,"ðŸ“‰ ECB's latest rate cycle is â€˜done,â€™ Chief Economist Philip Lane says - https://www.cnbc.com/video/2025/07/01/tightening-cycle-is-done-says-ecbs-lane.html â€” ECB's rate cycle 'done' | ðŸ“‰ JPMorgan says market continues to believe Trump will pivot to lower tariff rates before Aug. 1 - https://www.cnbc.com/2025/07/14/jpmorgan-says-market-thinks-trump-will-pivot-to-lower-tariffs-by-aug-1.html â€” Trump threatens 30% tariffs on EU, Mexico | ðŸ”¹ Treasury yields hold steady as Trump threatens 30% tariffs on EU, Mexico - https://www.cnbc.com/2025/07/14/us-treasury-yields-trump-threatens-30percent-tariffs-on-eu-mexico-.html â€” Market sentiment on Trump's tariff pivot uncertain | ðŸ”¹ Stocks making the biggest moves premarket: Kenvue, Rivian, Affirm, SolarEdge Technologies and more - https://www.cnbc.com/2025/07/14/stocks-making-biggest-moves-premarket-kvue-rivn-afrm-sedg-and-more.html â€” Premarket stock moves not indicating clear direction"
2025-07-14,6261.51,6300.5,17.19,-3,ðŸ“‰ Bearish (Confidence: 0.62),bullish,6267.2,0.0,"ðŸ“‰ Stocks are little changed as investors bet Trumpâ€™s tariffs will be lowered: Live updates - https://www.cnbc.com/2025/07/13/stock-market-today-live-updates.html â€” Investors betting on lower tariffs may indicate uncertainty | ðŸ“ˆ RBC hikes year-end S&P 500 target as investors look to 2026 for gains - https://www.cnbc.com/2025/07/14/rbc-hikes-year-end-sp-500-target-as-investors-look-to-2026-for-gains.html â€” RBC's positive outlook on S&P 500 | ðŸ”¹ Fed Chair Powell asks inspector general to review controversial building project - https://www.cnbc.com/2025/07/14/fed-chair-powell-asks-inspector-general-to-review-controversial-building-project.html â€” Neutral news about Fed Chair Powell's request for review | ðŸ“‰ ECB's latest rate cycle is â€˜done,â€™ Chief Economist Philip Lane says - https://www.cnbc.com/video/2025/07/01/tightening-cycle-is-done-says-ecbs-lane.html â€” ECB's statement on rate cycle being 'done' may signal caution | ðŸ”¹ Stocks making the biggest moves midday: Autodesk, PayPal, Rivian, Nebius, Waters and more - https://www.cnbc.com/2025/07/14/stocks-making-the-biggest-moves-midday-adsk-pypl-rivn-nbis-wat.html â€” Neutral news on stock movements midday"
2025-07-15,,,,0,ðŸ”¹ Neutral (Confidence: 0.62),nan,,,"ðŸ”¹ Stock futures are little changed as investors await bank earnings, inflation reading: Live updates - https://www.cnbc.com/2025/07/14/stock-market-today-live-updates.html â€” Stock futures little changed, awaiting earnings and inflation data | ðŸ“‰ Powell asks inspector general to review $2.5 billion renovation after Trump blasts Fed project - https://www.cnbc.com/2025/07/14/fed-chair-powell-asks-inspector-general-to-review-controversial-building-project.html â€” Powell's controversial building project under review after Trump's criticism | ðŸ“ˆ RBC hikes year-end S&P 500 target as investors look to 2026 for gains - https://www.cnbc.com/2025/07/14/rbc-hikes-year-end-sp-500-target-as-investors-look-to-2026-for-gains.html â€” RBC raises S&P 500 target for year-end, positive outlook for 2026 | ðŸ”¹ ECB's latest rate cycle is â€˜done,â€™ Chief Economist Philip Lane says - https://www.cnbc.com/video/2025/07/01/tightening-cycle-is-done-says-ecbs-lane.html â€” ECB's Chief Economist suggests rate cycle is complete | ðŸ”¹ Inflation report Tuesday should provide clues on the impact tariffs are having on prices - https://www.cnbc.com/2025/07/14/inflation-report-tuesday-should-give-clues-on-price-effect-from-tariffs.html â€” Inflation report expected to provide insights on tariff impact on prices"
2025-07-15,,6338.0,16.75,3,ðŸ“ˆ Bullish (Confidence: 0.7),nan,,,"ðŸ“ˆ S&P 500 rises, led by Nvidia, after in-line U.S. inflation report: Live updates - https://www.cnbc.com/2025/07/15/stock-market-today-live-updates.html â€” S&P 500 rises, led by Nvidia | ðŸ“ˆ Stocks making the biggest moves premarket: Nvidia, Trade Desk, BlackRock, Wells Fargo and more - https://www.cnbc.com/2025/07/15/stocks-making-the-biggest-moves-premarket-nvda-ttd-blk-wfc.html â€” Stocks making big moves premarket | ðŸ“‰ Inflation picks up again in June, rising at 2.7% annual rate - https://www.cnbc.com/2025/07/15/cpi-inflation-report-june-2025.html â€” Inflation picks up again in June | ðŸ”¹ ECB's latest rate cycle is â€˜done,â€™ Chief Economist Philip Lane says - https://www.cnbc.com/video/2025/07/01/tightening-cycle-is-done-says-ecbs-lane.html â€” ECB's rate cycle is 'done' | ðŸ”¹ Juneâ€™s inflation data leaves little for investors to be happy about - https://www.cnbc.com/2025/07/15/junes-inflation-data-leaves-little-for-investors-to-be-happy-about.html â€” June's inflation data impact on investors"
2025-07-15,6263.62,6301.0,16.87,-6,ðŸ“‰ Bearish (Confidence: 0.62),nan,,,"ðŸ“‰ Dow falls 300 points on earnings, inflation concerns; Nvidia boosts Nasdaq: Live updates - https://www.cnbc.com/2025/07/15/stock-market-today-live-updates.html â€” Dow falls 300 points on earnings, inflation concerns | ðŸ“‰ Juneâ€™s inflation data leaves little for investors to be happy about - https://www.cnbc.com/2025/07/15/junes-inflation-data-leaves-little-for-investors-to-be-happy-about.html â€” Juneâ€™s inflation data concerns investors | ðŸ”¹ Stocks making the biggest moves midday: First Solar, Newmont, Wells Fargo, Nvidia & more - https://www.cnbc.com/2025/07/15/stocks-making-the-biggest-moves-midday-fslr-nem-wfc-nvda.html â€” Mixed moves in stocks midday | ðŸ”¹ ECB's latest rate cycle is â€˜done,â€™ Chief Economist Philip Lane says - https://www.cnbc.com/video/2025/07/01/tightening-cycle-is-done-says-ecbs-lane.html â€” ECB's rate cycle outlook neutral"
2025-07-16,,6296.5,16.7,3,ðŸ“ˆ Bullish (Confidence: 0.7),Bearish,6267.11,0,"ðŸ“‰ Things may be getting frothy on Wall Street as stocks trade near record highs - https://www.cnbc.com/2025/07/16/things-may-be-getting-frothy-on-wall-street-with-stocks-near-record-highs.html â€” Stocks near record highs may indicate overvaluation | ðŸ”¹ Stocks making the biggest moves premarket: Goldman Sachs, ASML, Diageo, Johnson & Johnson and more - https://www.cnbc.com/2025/07/16/stocks-making-the-biggest-moves-premarket-gs-asml-deo-jnj-more.html â€” Mixed movements in premarket stocks | ðŸ“ˆ Treasury yields slide after cooler-than-expected wholesale inflation report - https://www.cnbc.com/2025/07/16/us-treasury-yields-investors-await-further-inflation-data-.html â€” Lower Treasury yields after cooler inflation report may indicate market expectations of lower inflation | ðŸ”¹ Stocks making the biggest moves after hours: Global Payments, Hancock Whitney and more - https://www.cnbc.com/2025/07/15/stocks-making-the-biggest-moves-after-hours-gpn-hwc-omc-jbht.html â€” Mixed movements in stocks after hours | ðŸ“ˆ ECB's latest rate cycle is â€˜done,â€™ Chief Economist Philip Lane says - https://www.cnbc.com/video/2025/07/01/tightening-cycle-is-done-says-ecbs-lane.html â€” ECB's Chief Economist indicating end of rate cycle"
2025-07-16,6248.17,6284.25,17.83,-6,ðŸ“‰ Bearish (Confidence: 0.62),Bullish,6267.11,0,"ðŸ“‰ ECB's latest rate cycle is â€˜done,â€™ Chief Economist Philip Lane says - https://www.cnbc.com/video/2025/07/01/tightening-cycle-is-done-says-ecbs-lane.html â€” ECB rate cycle 'done' | ðŸ“‰ Things may be getting frothy on Wall Street as stocks trade near record highs - https://www.cnbc.com/2025/07/16/things-may-be-getting-frothy-on-wall-street-with-stocks-near-record-highs.html â€” Stocks frothy near record highs | ðŸ”¹ Stocks making the biggest moves midday: Morgan Stanley, ASML, Johnson & Johnson, SolarEdge and more - https://www.cnbc.com/2025/07/16/stocks-making-the-biggest-moves-midday-ms-asml-jnj-sedg.html â€” Mixed moves in stocks midday | ðŸ”¹ S&P 500 slides as Trump denies he is close to firing Fed Chair Powell: Live updates - https://www.cnbc.com/2025/07/15/stock-market-today-live-update.html â€” Uncertainty around Fed Chair Powell"
